CC(C)[C@H]1NC(=O)[C@H](Cc2ccc(OP(=O)(O)O)cc2)NC(=O)OCCCCCNC(=O)[C@@H]2CCCN2C(=O)[C@@H](C(C)C)NC(=O)[C@H](CC(N)=O)NC1=O,CHEMBL435738
CC(=O)N[C@H]1CCCCNC(=O)[C@H]2CCCN2C(=O)[C@H](C(C)C)NC(=O)[C@@H](CC(N)=O)NC(=O)[C@H](CC2CCCCC2)NC(=O)[C@@H](Cc2ccc(OP(=O)(O)O)cc2)NC1=O,CHEMBL451250
CC(C)[C@H]1NC(=O)[C@H](Cc2ccc(OP(=O)(O)O)cc2)NC(=O)CCCCCCNC(=O)[C@@H]2CCCN2C(=O)[C@@H](C(C)C)NC(=O)[C@H](CC(N)=O)NC1=O,CHEMBL177372
C/C(S)=N/[C@H]1CCCCNC(=O)[C@H]2CCCN2C(=O)[C@H](C(C)C)NC(=O)[C@@H](CC(N)=O)NC(=O)[C@H](C(C)C)NC(=O)[C@@H](Cc2ccc(OP(=O)(O)O)cc2)NC1=O,CHEMBL433805
CC(=O)N[C@@H]1CCCCNC(=O)[C@H]2CCCN2C(=O)[C@H](C(C)C)NC(=O)[C@@H](CC(N)=O)NC(=O)[C@H](C(C)C)NC(=O)[C@@H](Cc2ccc(OP(=O)(O)O)cc2)NC1=O,CHEMBL359934
CC(=O)N[C@H]1CCCCNC(=O)[C@H]2CCCN2C(=O)[C@H](C(C)C)NC(=O)[C@@H](CC(N)=O)NC(=O)[C@H](C(C)C)NC(=O)[C@@H](Cc2ccc(OP(=O)(O)O)cc2)NC1=O,CHEMBL435910
CC[C@H](C)[C@H](NC(=O)[C@@H]1CCCN1C(=O)[C@@H](NC(=O)[C@H](CCC(=O)O)NC(=O)[C@H](CCC(=O)O)NC(=O)[C@H](Cc1ccc(OP(=O)(O)O)cc1)NC(=O)[C@H](CCC(N)=O)NC(=O)[C@@H]1CCCN1C(=O)[C@@H](N)CCC(=O)O)[C@@H](C)CC)C(=O)O,CHEMBL263347
CC(C)[C@H](NC(=O)[C@H](CC(N)=O)NC(=O)[C@@H](NC(=O)[C@H](Cc1ccc(OP(=O)(O)O)cc1)NC(=O)[C@H](Cc1ccccc1)NC(=O)[C@@H]1CCCN1C(=O)[C@@H](N)CCCCN)C(C)C)C(=O)N[C@@H](CCC(=O)O)C(=O)N[C@@H](Cc1ccccc1)C(=O)O,CHEMBL438943
CC(=O)N[C@H]1CSSC[C@@H](C(=O)O)NC(=O)[C@H]2CCCN2C(=O)[C@H](C(C)C)NC(=O)[C@@H](CC(N)=O)NC(=O)[C@H](C(C)C)NC(=O)[C@@H](Cc2ccc(OP(=O)(O)O)cc2)NC1=O,CHEMBL367440
C/C(S)=N/[C@@H]1CCCCNC(=O)[C@H]2CCCN2C(=O)[C@H](C(C)C)NC(=O)[C@@H](CC(N)=O)NC(=O)[C@H](C(C)C)NC(=O)[C@@H](Cc2ccc(OP(=O)(O)O)cc2)NC1=O,CHEMBL366543
CC(=O)N[C@H]1CCCCNC(=O)[C@H]2CCCN2C(=O)[C@H](C(C)C)NC(=O)[C@@H](CC(N)=O)NC(=O)[C@H](CC(C)C)NC(=O)[C@@H](Cc2ccc(OP(=O)(O)O)cc2)NC1=O,CHEMBL177616
CCCCNC(=O)[C@@H]1CCCN1C(=O)[C@@H](NC(=O)[C@H](CC(N)=O)NC(=O)[C@@H](NC(=O)[C@H](Cc1ccc(OP(=O)(O)O)cc1)NC(=O)CC)C(C)C)C(C)C,CHEMBL367276
CC(C)[C@H]1NC(=O)[C@H](Cc2ccc(OP(=O)(O)O)cc2)NC(=O)CNC(=O)[C@H]2CCCN2C(=O)[C@@H](C(C)C)NC(=O)[C@H](CC(N)=O)NC1=O,CHEMBL174819
CC(=O)N[C@H]1CCCCNC(=O)[C@H]2CCCN2C(=O)[C@H](CC2CCCCC2)NC(=O)[C@@H](CC(N)=O)NC(=O)[C@H](C(C)C)NC(=O)[C@@H](Cc2ccc(OP(=O)(O)O)cc2)NC1=O,CHEMBL355759
CC(C)[C@H]1NC(=O)[C@H](Cc2ccc(OP(=O)(O)O)cc2)NC(=O)CNC(=O)[C@@H]2CCCN2C(=O)[C@@H](C(C)C)NC(=O)[C@H](CC(N)=O)NC1=O,CHEMBL172299
CC(=O)N[C@@H](Cc1ccc(CP(C)(=O)O)cc1)C(=O)NC1(C(=O)N[C@@H]2CCCC[C@@H]2C(N)=O)CCCCC1,CHEMBL419269
CC(=O)N[C@@H](Cc1ccc(CP(=O)(O)CO)cc1)C(=O)NC1(C(=O)N[C@@H]2CCCC[C@@H]2C(N)=O)CCCCC1,CHEMBL77253
CC(=O)N[C@@H](Cc1ccc(CP(=O)(O)CCO)cc1)C(=O)NC1(C(=O)N[C@@H]2CCCC[C@@H]2C(N)=O)CCCCC1,CHEMBL429190
CC(=O)N[C@@H](Cc1ccc(CP(=O)(O)Cc2ccccc2)cc1)C(=O)NC1(C(=O)N[C@@H]2CCCC[C@@H]2C(N)=O)CCCCC1,CHEMBL78061
CC(=O)N[C@@H](Cc1ccc(CP(=O)(O)O)cc1)C(=O)NC1(C(=O)N[C@@H]2CCCC[C@@H]2C(N)=O)CCCCC1,CHEMBL78242
CC(=O)N[C@@H](Cc1ccc(CP(=O)(O)C(O)c2ccccc2)cc1)C(=O)NC1(C(=O)N[C@@H]2CCCC[C@@H]2C(N)=O)CCCCC1,CHEMBL308867
CC(=O)N[C@H](C(=O)NC1(C(=O)N[C@@H](CC(N)=O)C(N)=O)CC1)c1ccc(OP(=O)(O)O)cc1,CHEMBL2370321
CC(=O)N[C@H](C(=O)NC1(C(=O)N[C@@H](CC(N)=O)C(N)=O)CCCCCC1)c1ccc(OP(=O)(O)O)cc1,CHEMBL3142743
CC(=O)N[C@@H](Cc1ccc(OCC(=O)O)c(OCC(=O)O)c1)C(=O)NC1(C(=O)N[C@@H](CC(N)=O)C(=O)NCCCc2cccc3ccccc23)CCCCC1,CHEMBL332124
CC(=O)N[C@@H](Cc1ccc(OCC(=O)O)c(C(=O)O)c1)C(=O)NC1(C(=O)N[C@@H](CC(N)=O)C(=O)NCCCc2cccc3ccccc23)CCCCC1,CHEMBL324310
CC(C)[C@H](NC(=O)[C@H](CC(N)=O)NC(=O)[C@@H](NC(=O)[C@H](Cc1ccc(OP(=O)(O)O)cc1)NC(=O)[C@H](CO)NC(=O)[C@@H]1CCCN1C(=O)[C@H](CC(=O)O)NC(=O)[C@@H](N)CC(=O)O)C(C)C)C(=O)N[C@@H](CCC(N)=O)C(=O)O,CHEMBL412230
CC(=O)N[C@H](C(=O)NC1(C(=O)N[C@@H](CC(N)=O)C(N)=O)CCCCC1)c1ccc(OP(=O)(O)O)cc1,CHEMBL3142740
NC(=O)C[C@H](NC(=O)C1(NC(=O)[C@H](Cc2ccc(OCC(=O)O)c(C(=O)O)c2)NC(=O)C(=O)O)CCCCC1)C(=O)NCCCc1cccc2ccccc12,CHEMBL332671
NC(=O)C[C@H](NC(=O)C1(NC(=O)[C@H](Cc2ccc(OCC(=O)O)c(C(=O)O)c2)NC(=O)C(=O)O)CCCCC1)C(=O)NCCCc1cccc2ccccc12,CHEMBL332671
CC(=O)N[C@@H](Cc1ccc(O)cc1)C(=O)NC1(C(=O)N[C@@H](CC(N)=O)C(=O)NCCCc2cccc3ccccc23)CCCCC1,CHEMBL119360
CC(=O)N[C@@H](Cc1ccc(OP(=O)(O)O)cc1)C(=O)NC1(C(=O)N[C@@H](CC(N)=O)C(=O)NCCCc2c(O)ccc3ccccc23)CCCCC1,CHEMBL331463
NC(=O)[C@H]1CCC=C[C@H]1NC(=O)C1(NC(=O)[C@H](Cc2ccc(OP(=O)(O)O)cc2)NC(=O)OCc2cccc(N)c2)CCCCC1,CHEMBL307890
CC(=O)N[C@@H](Cc1ccc(OP(=O)(O)O)cc1)C(=O)NC1(C(=O)N[C@@H](CC(N)=O)C(=O)NCCCc2cccc3ccccc23)CCCCC1,CHEMBL117807
NC(=O)C[C@H](NC(=O)C1(NC(=O)[C@H](Cc2ccc(OP(=O)(O)O)cc2)NC(=O)OCc2cccc(N)c2)CCCCC1)C(N)=O,CHEMBL77689
CC(=O)N[C@H](C(=O)NC1(C(=O)N[C@@H](CC(N)=O)C(N)=O)CCC1)c1ccc(OP(=O)(O)O)cc1,CHEMBL2370326
CC(=O)N[C@H](C(=O)N[C@H](C(=O)N[C@@H](CC(N)=O)C(N)=O)C(C)C)c1ccc(OP(=O)(O)O)cc1,CHEMBL2370322
CC[C@H](C)[C@@H]1NC(=O)[C@H](Cc2ccc(OP(=O)(O)O)cc2)NC(=O)[C@@H](NC(C)=O)CSSC[C@@H](C(N)=O)NC(=O)[C@H](CC(N)=O)NC1=O,CHEMBL2370501
CC(=O)N[C@H](C(=O)NCC(=O)N[C@@H](CC(N)=O)C(N)=O)c1ccc(OP(=O)(O)O)cc1,CHEMBL2370323
CC(=O)N[C@@H](Cc1ccc(C(F)(F)P(=O)(O)O)cc1)C(=O)NC1(C(=O)N[C@@H](CC(N)=O)C(=O)NCCCc2cccc3ccccc23)CCCCC1,CHEMBL115699
CC(=O)N[C@@H](Cc1ccc(C(F)(F)P(=O)(O)O)cc1)C(=O)NC1(C(=O)N[C@@H](CC(N)=O)C(=O)NCCCc2cccc3ccccc23)CCCCC1,CHEMBL115699
NC(=O)C[C@H](NC(=O)C1(NC(=O)[C@H](Cc2ccc(CP(=O)(O)O)cc2)NC(=O)C(=O)O)CCCCC1)C(=O)NCCCc1cccc2ccccc12,CHEMBL55627
CC(=O)N[C@H](C(=O)NC1(C(=O)N[C@@H](CC(N)=O)C(N)=O)CCCC1)c1ccc(OP(=O)(O)O)cc1,CHEMBL3142742
NC(=O)[C@@H]1CCC=C[C@@H]1NC(=O)C1(NC(=O)[C@H](Cc2ccc(OP(=O)(O)O)cc2)NC(=O)OCc2cccc(N)c2)CCCCC1,CHEMBL310056
CC(=O)N[C@@H](Cc1ccc(CP(=O)(O)O)cc1)C(=O)NC1(C(=O)N[C@@H](CC(N)=O)C(=O)NCCCc2cccc3ccccc23)CCCCC1,CHEMBL19417
CC(=O)N[C@@H](Cc1ccc(CP(=O)(O)O)cc1)C(=O)NC1(C(=O)N[C@@H](CC(N)=O)C(=O)NCCCc2cccc3ccccc23)CCCCC1,CHEMBL19417
CC[C@H](C)[C@H](NC(=O)[C@@H](N)Cc1ccc(OP(=O)(OC(C)=O)OC(C)=O)cc1)C(=O)N[C@@H](CC(=O)NCCCc1ccc(Cl)cc1Cl)C(=O)O,CHEMBL3142925
CCCCC(CC)CNC(=O)C[C@H](NC(=O)[C@@H](NC(=O)[C@@H](N)Cc1ccc(OP(=O)(OC(C)=O)OC(C)=O)cc1)[C@@H](C)CC)C(=O)O,CHEMBL3142932
CC(=O)OP(=O)(OC(C)=O)Oc1ccc(CC(N)C(=O)CC(=O)CCCCCCNC(CC(=O)NCCCc2cccc3ccccc23)C(=O)O)cc1,CHEMBL325621
CC(=O)OP(=O)(OC(C)=O)Oc1ccc(CC(N)C(=O)CC(=O)CCCCCCNC(CC(=O)NCCCc2cccc3ccccc23)C(=O)O)cc1,CHEMBL325621
CC[C@H](C)[C@H](NC(=O)[C@@H](N)Cc1ccc(OP(=O)(OC(C)=O)OC(C)=O)cc1)C(=O)N[C@@H](CC(=O)NCCCc1cccc2ccccc12)C(=O)O,CHEMBL3142927
CC[C@H](C)[C@H](NC(=O)[C@@H](N)Cc1ccc(OP(=O)(OC(C)=O)OC(C)=O)cc1)C(=O)N[C@@H](CC(=O)NCCCc1cccc2ccccc12)C(=O)O,CHEMBL3142927
CCC(C)C1NC(=O)C(NC(=O)c2c3nc4c(C(=O)NC5C(=O)NC(C(C)CC)C(=O)N6CCCC6C(=O)N(C)CC(=O)N(C)C(C(C)C)C(=O)OC5C)ccc(C)c4oc-3c(C)c(=O)c2N)C(C)OC(=O)C(C(C)C)N(C)C(=O)CN(C)C(=O)C2CCCN2C1=O,CHEMBL413035
CC[C@H](C)[C@H](NC(=O)[C@@H](N)Cc1ccc(OP(=O)(OC(C)=O)OC(C)=O)cc1)C(=O)N[C@@H](CC(N)=O)C(=O)O,CHEMBL3142931
CC[C@H](C)[C@@H]1NC(=O)[C@@H](NC(=O)c2ccc(C)c3oc4c(C)c(=O)c(N)c(C(=O)N[C@@H]5C(=O)N[C@@H](C(C)C)C(=O)N6CCC[C@H]6C(=O)N(C)CC(=O)N(C)[C@@H](C(C)C)C(=O)O[C@@H]5C)c-4nc23)[C@@H](C)OC(=O)[C@H](C(C)C)N(C)C(=O)CN(C)C(=O)[C@@H]2CCCN2C1=O,CHEMBL2373069
CC[C@H](C)[C@H](NC(=O)[C@@H](N)Cc1ccc(OP(=O)(OC(C)=O)OC(C)=O)cc1)C(=O)N[C@@H](CC(=O)NCCC(C)C)C(=O)O,CHEMBL3142930
CC[C@H](C)[C@H](NC(=O)[C@@H](N)Cc1ccc(OP(=O)(OC(C)=O)OC(C)=O)cc1)C(=O)N[C@@H](CC(=O)NCCCc1ccccc1)C(=O)O,CHEMBL3142928
Cc1c2oc3c(C)ccc(C(=O)N[C@@H]4C(=O)N[C@H](C(C)C)C(=O)N5CCC[C@H]5C(=O)N(C)CC(=O)N(C)[C@@H](C(C)C)C(=O)O[C@@H]4C)c3nc-2c(C(=O)N[C@@H]2C(=O)N[C@H](C(C)C)C(=O)N3CCC[C@H]3C(=O)N(C)CC(=O)N(C)[C@@H](C(C)C)C(=O)O[C@@H]2C)c(N)c1=O,CHEMBL1554
CC[C@H](C)[C@H](NC(=O)[C@@H](N)Cc1ccc(OP(=O)(OC(C)=O)OC(C)=O)cc1)C(=O)N[C@@H](CC(=O)NCC(C)C)C(=O)O,CHEMBL3142929
CC(=O)N[C@@H](Cc1ccc(CP(=O)(O)O)cc1)C(=O)NC1(C(=O)N[C@@H](CC(N)=O)C(=O)NCCCc2cccc3ccccc23)CCCCC1,CHEMBL19417
NC(=O)C[C@H](NC(=O)C1(NC(=O)[C@H](Cc2ccc(CP(=O)(O)O)cc2)NC(=O)C(=O)O)CCCCC1)C(=O)NCCCc1cccc2ccccc12,CHEMBL55627
NC(=O)C[C@H](NC(=O)C1(NC(=O)[C@H](Cc2ccc(CP(=O)(O)O)cc2)NC(=O)C(=O)O)CCCCC1)C(=O)NCCCc1cccc2ccccc12,CHEMBL55627
NC(=O)C[C@H](NC(=O)C1(NC(=O)[C@H](Cc2ccc(CP(=O)(O)O)cc2)NC(=O)C(=O)O)CCCCC1)C(=O)NCCCc1cccc2ccccc12,CHEMBL55627
NC(=O)C[C@H](NC(=O)C1(NC(=O)[C@@H](CC(=O)O)Cc2ccc(CP(=O)(O)O)cc2)CCCCC1)C(=O)NCCCc1cccc2ccccc12,CHEMBL93367
NC(=O)C[C@H](NC(=O)C1(NC(=O)[C@@H](CC(=O)O)Cc2ccc(CP(=O)(O)O)cc2)CCCCC1)C(=O)NCCCc1cccc2ccccc12,CHEMBL93367
NC(=O)C[C@H](NC(=O)C1(NC(=O)CCc2ccc(CP(=O)(O)O)cc2)CCCCC1)C(=O)NCCCc1cccc2ccccc12,CHEMBL292883
[N-]=[N+]=N[C@@H](Cc1ccc(CP(=O)(O)O)cc1)C(=O)NC1(C(=O)N[C@@H](CC(N)=O)C(=O)NCCCc2cccc3ccccc23)CCCCC1,CHEMBL323505
[N-]=[N+]=N[C@@H](Cc1ccc(CP(=O)(O)O)cc1)C(=O)NC1(C(=O)N[C@@H](CC(N)=O)C(=O)NCCCc2cccc3ccccc23)CCCCC1,CHEMBL323505
NC(=O)C[C@@H]1NC(=O)C2(CCCCC2)NC(=O)C[C@@H](c2ccc(CP(=O)(O)O)cc2)/C=C/C[C@@H](Cc2cccc3ccccc23)CNC1=O,CHEMBL291678
NC(Cc1ccc(CC(=O)O)cc1)C(=O)O,CHEMBL119492
NC(=O)C[C@H](NC(=O)C1(NC(=O)[C@@H](Cc2ccc(C(F)(F)C(=O)O)cc2)NC(=O)C(=O)O)CCCCC1)C(=O)NCCCc1cccc2ccccc12,CHEMBL327030
NC(Cc1ccc(C(F)(F)C(=O)O)cc1)C(=O)O,CHEMBL119885
CC(=O)N[C@H](Cc1ccc(OP(=O)(O)O)cc1)C(=O)NC1(C(=O)N[C@@H](CC(N)=O)C(=O)NCCCc2cccc3ccccc23)CCCCC1,CHEMBL332862
NC(=O)C[C@H](NC(=O)C1(NC(=O)[C@@H](Cc2ccc(OCC(=O)O)cc2)NC(=O)C(=O)O)CCCCC1)C(=O)NCCCc1cccc2ccccc12,CHEMBL430710
NC(=O)C[C@H](NC(=O)C1(NC(=O)[C@@H](Cc2ccc(CC(=O)O)cc2)NC(=O)C(=O)O)CCCCC1)C(=O)NCCCc1cccc2ccccc12,CHEMBL331638
CC(=O)N[C@H](Cc1ccc(OCC(=O)O)cc1)C(=O)NC1(C(=O)N[C@@H](CC(N)=O)C(=O)NCCCc2cccc3ccccc23)CCCCC1,CHEMBL333421
CC(=O)N[C@H](Cc1ccc(C(F)(F)C(=O)O)cc1)C(=O)NC1(C(=O)N[C@@H](CC(N)=O)C(=O)NCCCc2cccc3ccccc23)CCCCC1,CHEMBL332992
NC(Cc1ccc(OCC(=O)O)cc1)C(=O)O,CHEMBL117514
CC(=O)N[C@H](Cc1ccc(CC(=O)O)cc1)C(=O)NC1(C(=O)N[C@@H](CC(N)=O)C(=O)NCCCc2cccc3ccccc23)CCCCC1,CHEMBL432984
CC(=O)N[C@@H](Cc1ccc(CP(=O)(O)O)cc1)C(=O)NC1(C(=O)N[C@@H](CC(N)=O)C(=O)NCCCc2cn(C)c3ccccc23)CCCCC1,CHEMBL72996
COc1ccc2c(CCCNC(=O)[C@H](CC(N)=O)NC(=O)C3(NC(=O)[C@H](Cc4ccc(CP(=O)(O)O)cc4)NC(C)=O)CCCCC3)c[nH]c2c1,CHEMBL70852
CC(=O)N[C@@H](Cc1ccc(CP(=O)(O)O)cc1)C(=O)NC1(C(=O)N[C@@H](CC(N)=O)C(=O)NCCCc2cccc3ccccc23)CCCCC1,CHEMBL19417
Cc1ccc2c(ccn2CCCNC(=O)[C@H](CC(N)=O)NC(=O)C2(NC(=O)[C@H](Cc3ccc(C(C(=O)O)C(=O)O)cc3)NC(=O)C(=O)O)CCCCC2)c1,CHEMBL279961
CC(=O)N[C@@H](Cc1ccc(CP(=O)(O)O)cc1)C(=O)NC1(C(=O)N[C@@H](CC(N)=O)C(=O)NCCCc2cccc3cc(O)ccc23)CCCCC1,CHEMBL278567
CC(=O)N[C@@H](Cc1ccc(CP(=O)(O)O)cc1)C(=O)NC1(C(=O)N[C@@H](CC(N)=O)C(=O)NCCCn2c(C)cc3ccccc32)CCCCC1,CHEMBL72437
CC(=O)N[C@@H](Cc1ccc(CP(=O)(O)O)cc1)C(=O)NC1(C(=O)N[C@@H](CC(N)=O)C(=O)NCCCn2ccc3cc(O)ccc32)CCCCC1,CHEMBL73003
CC(=O)N[C@@H](Cc1ccc(CP(=O)(O)O)cc1)C(=O)NC1(C(=O)N[C@@H](CC(N)=O)C(=O)NCCCc2c(O)ccc3ccccc23)CCCCC1,CHEMBL276046
COc1ccc2c(CCCNC(=O)[C@H](CC(N)=O)NC(=O)C3(NC(=O)[C@H](Cc4ccc(CP(=O)(O)O)cc4)NC(C)=O)CCCCC3)cccc2c1,CHEMBL281577
CC(=O)N[C@@H](Cc1ccc(CP(=O)(O)O)cc1)C(=O)NC1(C(=O)N[C@@H](CC(N)=O)C(=O)NCCCc2ccc3cccc(O)c3c2)CCCCC1,CHEMBL19378
COc1cc2cccc(CCCNC(=O)[C@H](CC(N)=O)NC(=O)C3(NC(=O)[C@H](Cc4ccc(CP(=O)(O)O)cc4)NC(C)=O)CCCCC3)c2cc1OC,CHEMBL19214
CC(=O)N[C@@H](Cc1ccc(CP(=O)(O)O)cc1)C(=O)NC1(C(=O)N[C@@H](CC(N)=O)C(=O)NCCCn2ccc3cc(N(C)C)ccc32)CCCCC1,CHEMBL72525
CC(=O)N[C@@H](Cc1ccc(CP(=O)(O)O)cc1)C(=O)NC1(C(=O)N[C@@H](CC(N)=O)C(=O)NCCCc2c[nH]c3ccccc23)CCCCC1,CHEMBL71034
CC(=O)N[C@@H](Cc1ccc(CP(=O)(O)O)cc1)C(=O)NC1(C(=O)N[C@@H](CC(N)=O)C(=O)NCCCn2cc(C)c3ccccc32)CCCCC1,CHEMBL72114
COc1ccc2c(ccn2CCCNC(=O)[C@H](CC(N)=O)NC(=O)C2(NC(=O)[C@H](Cc3ccc(CP(=O)(O)O)cc3)NC(C)=O)CCCCC2)c1,CHEMBL72694
CC(=O)N[C@@H](Cc1ccc(CP(=O)(O)O)cc1)C(=O)NC1(C(=O)N[C@@H](CC(N)=O)C(=O)NCCCc2cccc3ccc(O)cc23)CCCCC1,CHEMBL276300
CC(=O)N[C@@H](Cc1ccc(CP(=O)(O)O)cc1)C(=O)NC1(C(=O)N[C@@H](CC(N)=O)C(=O)NCCCn2ccc3cc(C)ccc32)CCCCC1,CHEMBL72036
CC(=O)N[C@@H](Cc1ccc(CP(=O)(O)O)cc1)C(=O)NC1(C(=O)N[C@@H](CC(N)=O)C(=O)NCCCn2ccc3cc(Cl)ccc32)CCCCC1,CHEMBL431381
CC(=O)N[C@@H](Cc1ccc(CP(=O)(O)O)cc1)C(=O)NC1(C(=O)N[C@@H](CC(N)=O)C(=O)NCCCn2ccc3ccccc32)CCCCC1,CHEMBL431982
CC(C)C[C@H]1NC(=O)[C@H](CC(C(=O)O)C(=O)O)NC(=O)CSC[C@@H](C(N)=O)NC(=O)[C@H](Cc2ccc(O)cc2)NC(=O)[C@@H](Cc2ccc(-c3ccccc3)cc2)NC(=O)CNC(=O)[C@@H](C(C)C)NC(=O)[C@H](CC(N)=O)NC(=O)C2(CCCCC2)NC(=O)[C@H](Cc2ccc(O)cc2)NC1=O,CHEMBL266273
CC(C)C[C@H]1NC(=O)[C@H](CC(C(=O)O)C(=O)O)NC(=O)C[S+]([O-])C[C@@H](C(N)=O)NC(=O)[C@H](Cc2ccc(O)cc2)NC(=O)[C@@H](C2CCCCC2)NC(=O)CNC(=O)[C@@H](C(C)C)NC(=O)[C@H](CC(N)=O)NC(=O)C2(CCCCC2)NC(=O)[C@H](Cc2ccc(O)cc2)NC1=O,CHEMBL406289
CSCC[C@H]1NC(=O)CNC(=O)[C@@H](C(C)C)NC(=O)[C@H](CC(N)=O)NC(=O)C2(CCCCC2)NC(=O)[C@H](Cc2ccc(O)cc2)NC(=O)[C@@H](CC(C)C)NC(=O)[C@H](CC(C(=O)O)C(=O)O)NC(=O)CSC[C@@H](C(N)=O)NC(=O)[C@H](Cc2ccc(O)cc2)NC1=O,CHEMBL407241
CC(C)C[C@H]1NC(=O)[C@H](CC(C(=O)O)C(=O)O)NC(=O)CSC[C@@H](C(N)=O)NC(=O)[C@H](Cc2ccc(O)cc2)NC(=O)[C@@H](Cc2ccc3ccccc3c2)NC(=O)CNC(=O)[C@@H](C(C)C)NC(=O)[C@H](CC(N)=O)NC(=O)C2(CCCCC2)NC(=O)[C@H](Cc2ccc(O)cc2)NC1=O,CHEMBL411181
CSCC[C@H]1NC(=O)CNC(=O)[C@@H](C(C)C)NC(=O)[C@H](CC(N)=O)NC(=O)[C@@H](CCC(=O)O)NC(=O)[C@H](Cc2ccc(O)cc2)NC(=O)[C@@H](CC(C)C)NC(=O)[C@H](CC(C(=O)O)C(=O)O)NC(=O)CSC[C@@H](C(N)=O)NC(=O)[C@H](Cc2ccc(O)cc2)NC1=O,CHEMBL217433
CC(C)C[C@H]1NC(=O)[C@H](CC(C(=O)O)C(=O)O)NC(=O)C[S+]([O-])C[C@@H](C(N)=O)NC(=O)[C@H](Cc2ccc(O)cc2)NC(=O)[C@@H](Cc2ccc3ccccc3c2)NC(=O)CNC(=O)[C@@H](C(C)C)NC(=O)[C@H](CC(N)=O)NC(=O)C2(CCCCC2)NC(=O)[C@H](Cc2ccc(O)cc2)NC1=O,CHEMBL411790
CC(C)C[C@H]1NC(=O)[C@H](CC(C(=O)O)C(=O)O)NC(=O)CSC[C@@H](C(N)=O)NC(=O)[C@H](Cc2ccc(O)cc2)NC(=O)[C@@H](C2CCCCC2)NC(=O)CNC(=O)[C@@H](C(C)C)NC(=O)[C@H](CC(N)=O)NC(=O)C2(CCCCC2)NC(=O)[C@H](Cc2ccc(O)cc2)NC1=O,CHEMBL410772
CSCC[C@@H]1NC(=O)CNC(=O)[C@H](C(C)C)NC(=O)[C@H](CC(N)=O)NC(=O)[C@H](CCC(=O)O)NC(=O)[C@H](Cc2ccc(O)cc2)NC(=O)[C@H](CC(C)C)NC(=O)[C@H](CCC(=O)O)NC(=O)CSC[C@@H](C(N)=O)NC(=O)[C@H](Cc2ccc(O)cc2)NC1=O,CHEMBL444114
CSCC[C@@H]1NC(=O)CNC(=O)[C@H](C(C)C)NC(=O)[C@H](CC(N)=O)NC(=O)[C@H](CCC(=O)O)NC(=O)[C@H](Cc2ccc(O)cc2)NC(=O)[C@H](CC(C)C)NC(=O)[C@H](CCC(=O)O)NC(=O)CSC[C@@H](C(N)=O)NC(=O)[C@H](Cc2ccc(O)cc2)NC1=O,CHEMBL444114
CC(C)C[C@H]1NC(=O)[C@H](CC(C(=O)O)C(=O)O)NC(=O)CSC[C@@H](C(N)=O)NC(=O)[C@H](Cc2ccc(O)cc2)NC(=O)[C@@H](Cc2c(F)c(F)c(F)c(F)c2F)NC(=O)CNC(=O)[C@@H](C(C)C)NC(=O)[C@H](CC(N)=O)NC(=O)C2(CCCCC2)NC(=O)[C@H](Cc2ccc(O)cc2)NC1=O,CHEMBL413683
CC(C)C[C@H]1NC(=O)[C@H](CC(C(=O)O)C(=O)O)NC(=O)C[S+]([O-])C[C@@H](C(N)=O)NC(=O)[C@H](Cc2ccc(O)cc2)NC(=O)[C@@H](CC(C)(C)C)NC(=O)CNC(=O)[C@@H](C(C)C)NC(=O)[C@H](CC(N)=O)NC(=O)C2(CCCCC2)NC(=O)[C@H](Cc2ccc(O)cc2)NC1=O,CHEMBL437456
CSCC[C@@H]1NC(=O)CNC(=O)[C@H](C(C)C)NC(=O)[C@H](CC(N)=O)NC(=O)[C@@]2(CC3CCC2C3)NC(=O)[C@H](Cc2ccc(O)cc2)NC(=O)[C@H](CC(C)C)NC(=O)[C@H](CC(C(=O)O)C(=O)O)NC(=O)CSC[C@@H](C(N)=O)NC(=O)[C@H](Cc2ccc(O)cc2)NC1=O,CHEMBL2369467
CC(C)C[C@H]1NC(=O)[C@H](CC(C(=O)O)C(=O)O)NC(=O)C[S+]([O-])C[C@@H](C(N)=O)NC(=O)[C@H](Cc2ccc(O)cc2)NC(=O)[C@@H](C2CCCCC2)NC(=O)CNC(=O)[C@@H](C(C)C)NC(=O)[C@H](CC(N)=O)NC(=O)C2(CCCCC2)NC(=O)[C@H](Cc2ccc(O)cc2)NC1=O,CHEMBL406289
CSCC[C@H]1NC(=O)CNC(=O)[C@@H](C(C)C)NC(=O)[C@H](CC(N)=O)NC(=O)[C@@H](CCCC(=O)O)NC(=O)[C@H](Cc2ccc(O)cc2)NC(=O)[C@@H](CC(C)C)NC(=O)[C@H](CC(C(=O)O)C(=O)O)NC(=O)CSC[C@@H](C(N)=O)NC(=O)[C@H](Cc2ccc(O)cc2)NC1=O,CHEMBL405191
CSCC[C@@H]1NC(=O)CNC(=O)[C@H](C(C)C)NC(=O)[C@H](CC(N)=O)NC(=O)[C@@H]2CCCN2C(=O)[C@H](Cc2ccc(O)cc2)NC(=O)[C@H](CC(C)C)NC(=O)[C@H](CCC(=O)O)NC(=O)CSC[C@@H](C(N)=O)NC(=O)[C@H](Cc2ccc(O)cc2)NC1=O,CHEMBL2369460
CC(C)C[C@H]1NC(=O)[C@H](CC(C(=O)O)C(=O)O)NC(=O)CSC[C@@H](C(N)=O)NC(=O)[C@H](Cc2ccc(O)cc2)NC(=O)[C@@H](CC(C)(C)C)NC(=O)CNC(=O)[C@@H](C(C)C)NC(=O)[C@H](CC(N)=O)NC(=O)C2(CCCCC2)NC(=O)[C@H](Cc2ccc(O)cc2)NC1=O,CHEMBL437329
CC(C)C[C@H]1NC(=O)[C@H](CC(C(=O)O)C(=O)O)NC(=O)C[S+]([O-])C[C@@H](C(N)=O)NC(=O)[C@H](Cc2ccc(O)cc2)NC(=O)[C@@H](CC(C)(C)C)NC(=O)CNC(=O)[C@@H](C(C)C)NC(=O)[C@H](CC(N)=O)NC(=O)C2(CCCCC2)NC(=O)[C@H](Cc2ccc(O)cc2)NC1=O,CHEMBL437456
CC(C)C[C@H]1NC(=O)[C@H](CC(C(=O)O)C(=O)O)NC(=O)C[S+]([O-])C[C@@H](C(N)=O)NC(=O)[C@H](Cc2ccc(O)cc2)NC(=O)[C@@H](Cc2ccc3ccccc3c2)NC(=O)CNC(=O)[C@@H](C(C)C)NC(=O)[C@H](CC(N)=O)NC(=O)C2(CCCCC2)NC(=O)[C@H](Cc2ccc(O)cc2)NC1=O,CHEMBL411790
NC(=O)C[C@@H]1NC(=O)C2(CCCCC2)NC(=O)C[C@@H](c2ccc(CP(=O)(O)O)cc2)C/C=C/C[C@@H](Cc2cccc3ccccc23)CNC1=O,CHEMBL315337
NC(=O)C[C@@H]1NC(=O)C2(CCCCC2)NC(=O)C[C@@H](c2ccc(CP(=O)(O)O)cc2)/C=C/C[C@@H](CC2=c3ccccc3=CCC2)CNC1=O,CHEMBL406148
NC(=O)C[C@@H]1NC(=O)C2(CCCCC2)NC(=O)[C@@H](CC(=O)O)[C@@H](c2ccc(CP(=O)(O)O)cc2)/C=C/C[C@@H](CC2=c3ccccc3=CCC2)CNC1=O,CHEMBL84798
CC(C)C[C@H](NC(=O)[C@@H](NC(=O)[C@H](Cc1ccc(O)cc1)NC(=O)[C@@H]1CCCN1C(=O)[C@H](CCCN=C(N)N)NC(=O)[C@@H](NC(=O)[C@@H]1CCCN1C(=O)[C@@H](NC(=O)C1OC2(c3ccc(O)cc3Oc3cc(O)ccc32)c2ccc(NC(=N)S)cc21)C1CCNCC1)C1CCC(C(=N)N)CC1)C(C)(C)C)C(=O)O,CHEMBL3706611
CC[C@H](C)[C@H](NC(=O)[C@H](CC(N)=O)NC(=O)[C@@H](NC(=O)[C@H](Cc1ccc(OC(C(=O)O)C(=O)O)cc1)NC(=O)[C@H](CC(N)=O)NC(C)=O)C(C)C)C(=O)N[C@@H](CCC(=O)O)C(N)=O,CHEMBL135252
CC1(C)NC(=O)[C@@H](CC(=O)O)[C@@H](c2ccc(CP(=O)(O)O)cc2)/C=C/C[C@@H](CC2=c3ccccc3=CCC2)CNC(=O)[C@H](CC(N)=O)NC1=O,CHEMBL312875
CC[C@H](C)[C@H](NC(=O)[C@H](CC(N)=O)NC(=O)[C@@H](NC(=O)[C@H](Cc1ccc(OP(=O)(O)O)cc1)NC(=O)[C@H](CC(N)=O)NC(C)=O)C(C)C)C(=O)N[C@@H](CCC(=O)O)C(N)=O,CHEMBL133230
NC(=O)C[C@@H]1NC(=O)C2(CCCCC2)NC(=O)C[C@@H](c2ccc(CP(=O)(O)O)cc2)/C=C/C[C@@H](Cc2cccc3ccccc23)CNC1=O,CHEMBL291678
NC(=O)C[C@@H]1NC(=O)C2(CCCCC2)NC(=O)C[C@@H](c2ccc(CP(=O)(O)O)cc2)NC(=O)CNC1=O,CHEMBL91584
NC(=O)C[C@H](NC(=O)C1(NC(=O)CCc2ccc(CP(=O)(O)O)cc2)CCCCC1)C(N)=O,CHEMBL88739
NC(=O)C[C@@H]1NC(=O)C2(CCCCC2)NC(=O)C[C@@H](c2ccc(CP(=O)(O)O)cc2)NC(=O)C[C@@H](Cc2cccc3ccccc23)CNC1=O,CHEMBL90990
Nc1ccnc(NCCc2ccc(OP(=O)(O)O)cc2)n1,CHEMBL291304
NC(=O)C[C@@H]1NC(=O)C2(CCCCC2)NC(=O)C[C@@H](c2ccc(CP(=O)(O)O)cc2)NC(=O)CCCNC1=O,CHEMBL422957
Cc1sc(-c2nccc(N)n2)nc1-c1ccc(OP(=O)(O)O)cc1,CHEMBL61048
CC(=O)N[C@@H](Cc1ccc(OP(=O)(O)O)cc1)C(=O)N[C@H](C(=O)N[C@@H](CC(N)=O)C(N)=O)C(C)C,CHEMBL292567
NC(=O)C[C@@H]1NC(=O)C2(CCCCC2)NC(=O)C[C@@H](c2ccc(CP(=O)(O)O)cc2)NC(=O)CCNC1=O,CHEMBL91880
CC(=O)N[C@@H](Cc1ccc(OP(=O)(O)O)cc1)C(=O)NCC(=O)N[C@@H](CC(N)=O)C(N)=O,CHEMBL61047
CSCC[C@@H]1NC(=O)CNC(=O)[C@H](C(C)C)NC(=O)[C@H](CC(N)=O)NC(=O)[C@H](CCC(=O)O)NC(=O)[C@H](Cc2ccc(OP(=O)(O)O)cc2)NC(=O)[C@H](CC(C)C)NC(=O)[C@H](C)NC(=O)CSCC[C@@H](C(N)=O)NC(=O)[C@H](Cc2ccc(O)cc2)NC1=O,CHEMBL2371606
CSCC[C@@H]1NC(=O)CNC(=O)[C@H](C(C)C)NC(=O)[C@H](CC(N)=O)NC(=O)C2(CCCCC2)NC(=O)[C@H](Cc2ccc(OP(=O)(O)O)cc2)NC(=O)[C@H](CC(C)C)NC(=O)CCNC(=O)CSC[C@@H](C(N)=O)NC(=O)[C@H](Cc2ccc(O)cc2)NC1=O,CHEMBL406825
CSCC[C@@H]1NC(=O)CNC(=O)[C@H](C(C)C)NC(=O)[C@H](CC(N)=O)NC(=O)C2(CCCCC2)NC(=O)[C@H](Cc2ccc(OP(=O)(O)O)cc2)NC(=O)[C@H](CC(C)C)NC(=O)[C@H](C)NC(=O)CSC[C@@H](C(N)=O)NC(=O)[C@H](Cc2ccc(O)cc2)NC1=O,CHEMBL2371612
CC(C)C[C@@H]1NC(=O)[C@@H]2CCCN2C(=O)CSC[C@@H](C(N)=O)NC(=O)[C@H](Cc2ccc(O)cc2)NC(=O)[C@H](CC(C)(C)C)NC(=O)CNC(=O)[C@H](C(C)C)NC(=O)[C@H](CC(N)=O)NC(=O)C2(CCCCC2)NC(=O)[C@H](Cc2ccc(OP(=O)(O)O)cc2)NC1=O,CHEMBL2371617
CSCC[C@@H]1NC(=O)CNC(=O)[C@H](C(C)C)NC(=O)[C@H](CC(N)=O)NC(=O)[C@H](CCC(=O)O)NC(=O)[C@H](Cc2ccc(O)cc2)NC(=O)[C@H](CC(C)C)NC(=O)[C@H](CCC(=O)O)NC(=O)CSC[C@@H](C(N)=O)NC(=O)[C@H](Cc2ccc(O)cc2)NC1=O,CHEMBL444114
CC(C)[C@@H]1NC(=O)[C@H](CC(N)=O)NC(=O)C2(CCCCC2)NC(=O)[C@H](Cc2ccc(OP(=O)(O)O)cc2)NC(=O)[C@H](Cc2ccccc2)NC(=O)[C@H](C)NC(=O)CSC[C@@H](C(N)=O)NC(=O)[C@H](Cc2ccc(O)cc2)NC(=O)[C@H](CC(C)(C)C)NC(=O)CNC1=O,CHEMBL439878
CSCC[C@@H]1NC(=O)CNC(=O)[C@H](C(C)C)NC(=O)[C@H](CC(N)=O)NC(=O)[C@H](CCC(=O)O)NC(=O)[C@H](Cc2ccc(OP(=O)(O)O)cc2)NC(=O)[C@H](CC(C)C)NC(=O)[C@H](C)NC(=O)CSC[C@@H](C(N)=O)NC(=O)[C@H](Cc2ccc(O)cc2)NC1=O,CHEMBL2371601
CSCC[C@@H]1NC(=O)CNC(=O)[C@H](C(C)C)NC(=O)[C@H](CC(N)=O)NC(=O)[C@H](CCC(=O)O)NC(=O)[C@H](Cc2ccc(OP(=O)(O)O)cc2)NC(=O)[C@H](CC(C)C)NC(=O)CCNC(=O)CSC[C@@H](C(N)=O)NC(=O)[C@H](Cc2ccc(O)cc2)NC1=O,CHEMBL216415
CC(C)C[C@@H]1NC(=O)[C@H](C)NC(=O)CSC[C@@H](C(N)=O)NC(=O)[C@H](Cc2ccc(O)cc2)NC(=O)[C@H](C)NC(=O)CNC(=O)[C@H](C(C)C)NC(=O)[C@H](CC(N)=O)NC(=O)C2(CCCCC2)NC(=O)[C@H](Cc2ccc(OP(=O)(O)O)cc2)NC1=O,CHEMBL2371623
CSCC[C@@H]1NC(=O)CNC(=O)[C@H](C(C)C)NC(=O)[C@H](CC(N)=O)NC(=O)[C@H](CCC(=O)O)NC(=O)[C@H](Cc2ccc(OP(=O)(O)O)cc2)NC(=O)[C@H](CC(C)C)NC(=O)CNC(=O)CSC[C@@H](C(N)=O)NC(=O)[C@H](Cc2ccc(O)cc2)NC1=O,CHEMBL408163
CSCC[C@@H]1NC(=O)CNC(=O)[C@H](C(C)C)NC(=O)[C@H](CC(N)=O)NC(=O)[C@H](CCC(=O)O)NC(=O)[C@H](Cc2ccc(OP(=O)(O)O)cc2)NC(=O)[C@H](CC(C)C)NC(=O)[C@@H]2CCCN2C(=O)CSC[C@@H](C(N)=O)NC(=O)[C@H](Cc2ccc(O)cc2)NC1=O,CHEMBL2371611
CSCC[C@@H]1NC(=O)CNC(=O)[C@H](C(C)C)NC(=O)[C@H](CC(N)=O)NC(=O)[C@H](CCC(=O)O)NC(=O)[C@H](Cc2ccc(OP(=O)(O)O)cc2)NC(=O)[C@H](CC(C)C)NC(=O)[C@H](CCC(=O)O)NC(=O)CSC[C@@H](C(N)=O)NC(=O)[C@H](Cc2ccc(O)cc2)NC1=O,CHEMBL264809
CC(C)C[C@@H]1NC(=O)[C@H](C)NC(=O)CSC[C@@H](C(N)=O)NC(=O)[C@H](Cc2ccc(O)cc2)NC(=O)[C@H](CC(C)(C)C)NC(=O)CNC(=O)[C@H](C(C)C)NC(=O)[C@H](CC(N)=O)NC(=O)[C@H](CCC(=O)O)NC(=O)[C@H](Cc2ccc(OP(=O)(O)O)cc2)NC1=O,CHEMBL407099
CC(=O)N[C@@H](Cc1ccc(OCC(=O)O)cc1)C(=O)NC1(C(=O)N[C@@H](CC(N)=O)C(=O)NCCCc2cccc3ccccc23)CCCCC1,CHEMBL172088
CSCC[C@H]1NC(=O)CNC(=O)[C@@H](C(C)C)NC(=O)[C@@H](CC(N)=O)NC(=O)[C@@H](CCC(=O)O)NC(=O)[C@@H](Cc2ccc(O)cc2)NC(=O)[C@@H](CC(C)C)NC(=O)[C@@H](Cc2ccc(OC(C(=O)O)C(=O)O)cc2)NC(=O)CSC[C@H](C(N)=O)NC(=O)[C@@H](Cc2ccc(O)cc2)NC1=O,CHEMBL441328
CSCC[C@H]1NC(=O)CNC(=O)[C@@H](C(C)C)NC(=O)[C@@H](CC(N)=O)NC(=O)[C@@H](CCC(=O)O)NC(=O)[C@@H](Cc2ccc(O)cc2)NC(=O)[C@@H](CC(C)C)NC(=O)[C@@H](CCC(=O)O)NC(=O)CSC[C@H](C(N)=O)NC(=O)[C@@H](Cc2ccc(O)cc2)NC1=O,CHEMBL405106
CSCC[C@H]1NC(=O)CNC(=O)[C@@H](C(C)C)NC(=O)[C@@H](CC(N)=O)NC(=O)[C@@H](CCC(=O)O)NC(=O)[C@@H](Cc2ccc(O)cc2)NC(=O)[C@@H](CC(C)C)NC(=O)[C@@H](CCCC(=O)O)NC(=O)CSC[C@H](C(N)=O)NC(=O)[C@@H](Cc2ccc(O)cc2)NC1=O,CHEMBL412817
CC(=O)N[C@@H](Cc1ccc(C(C(=O)O)C(=O)O)cc1)C(=O)NC1(C(=O)N[C@@H](CC(N)=O)C(=O)NCCCc2cccc3ccccc23)CCCCC1,CHEMBL355776
NC(=O)C[C@H](NC(=O)C1(NC(=O)[C@H](Cc2ccc(C(C(=O)O)C(=O)O)cc2)NC(=O)C(=O)O)CCCCC1)C(=O)NCCCc1cccc2ccccc12,CHEMBL303150
CC(=O)N[C@@H](Cc1ccc(CP(=O)(O)O)cc1)C(=O)NC1(C(=O)N[C@@H](CC(N)=O)C(=O)NCCCn2ccc3cc(C)ccc32)CCCCC1,CHEMBL72036
NC(=O)C[C@H](NC(=O)C1(NC(=O)[C@H](Cc2ccc(OC(C(=O)O)C(=O)O)cc2)NC(=O)C(=O)O)CCCCC1)C(=O)NCCCc1cccc2ccccc12,CHEMBL171244
NC(=O)C[C@H](NC(=O)C1(NC(=O)[C@H](Cc2ccc(CP(=O)(O)O)cc2)NC(=O)C(=O)O)CCCCC1)C(=O)NCCCc1cccc2ccccc12,CHEMBL55627
CC(=O)N[C@@H](Cc1ccc(CC(=O)O)cc1)C(=O)NC1(C(=O)N[C@@H](CC(N)=O)C(=O)NCCCc2cccc3ccccc23)CCCCC1,CHEMBL355777
NC(=O)C[C@H](NC(=O)C1(NC(=O)[C@H](Cc2ccc(CC(=O)O)cc2)NC(=O)C(=O)O)CCCCC1)C(=O)NCCCc1cccc2ccccc12,CHEMBL355066
Cc1ccc2c(ccn2CCCNC(=O)[C@H](CC(N)=O)NC(=O)C2(NC(=O)[C@H](Cc3ccc(C(C(=O)O)C(=O)O)cc3)NC(=O)C(=O)O)CCCCC2)c1,CHEMBL279961
CC(=O)N[C@@H](Cc1ccc(OC(C(=O)O)C(=O)O)cc1)C(=O)NC1(C(=O)N[C@@H](CC(N)=O)C(=O)NCCCc2cccc3ccccc23)CCCCC1,CHEMBL355701
CSCC[C@H]1NC(=O)CNC(=O)[C@@H](C(C)C)NC(=O)[C@@H](CC(N)=O)NC(=O)[C@@H](CCC(=O)O)NC(=O)[C@@H](Cc2ccc(O)cc2)NC(=O)[C@@H](CC(C)C)NC(=O)[C@@H](CC(C(=O)O)C(=O)O)NC(=O)CSC[C@H](C(N)=O)NC(=O)[C@@H](Cc2ccc(O)cc2)NC1=O,CHEMBL411591
CSCC[C@H]1NC(=O)CNC(=O)[C@@H](C(C)C)NC(=O)[C@@H](CC(N)=O)NC(=O)[C@@H](CCC(=O)O)NC(=O)[C@@H](Cc2ccc(O)cc2)NC(=O)[C@@H](CC(C)C)NC(=O)[C@@H](C)NC(=O)CSC[C@H](C(N)=O)NC(=O)[C@@H](Cc2ccc(OP(=O)(O)O)cc2)NC1=O,CHEMBL407859
CSCC[C@H]1NC(=O)CNC(=O)[C@@H](C(C)C)NC(=O)[C@@H](CC(N)=O)NC(=O)[C@@H](CCC(=O)O)NC(=O)[C@@H](Cc2ccc(O)cc2)NC(=O)[C@@H](CC(C)C)NC(=O)[C@@H](C)NC(=O)CSC[C@H](C(N)=O)NC(=O)[C@@H](Cc2ccc(O)cc2)NC1=O,CHEMBL407228
CSCC[C@H]1NC(=O)CNC(=O)[C@@H](C(C)C)NC(=O)[C@@H](CC(N)=O)NC(=O)[C@@H](CCC(=O)O)NC(=O)[C@@H](Cc2ccc(O)cc2)NC(=O)[C@@H](CC(C)C)NC(=O)[C@@H](CCC(=O)O)NC(=O)CSC[C@H](C(N)=O)NC(=O)[C@@H](Cc2ccc(OP(=O)(O)O)cc2)NC1=O,CHEMBL409686
NC(=O)C[C@H](NC(=O)C1(NC(=O)[C@H](Cc2ccc(C(F)(C(=O)O)C(=O)O)cc2)NC(=O)C(=O)O)CCCCC1)C(=O)NCCCc1cccc2ccccc12,CHEMBL353708
Cc1ccc2c(ccn2CCCNC(=O)[C@H](CC(N)=O)NC(=O)C2(NC(=O)[C@H](Cc3ccc(CP(=O)(O)O)cc3)NC(=O)C(=O)O)CCCCC2)c1,CHEMBL367037
CSCC[C@H]1NC(=O)CNC(=O)[C@@H](C(C)C)NC(=O)[C@@H](CC(N)=O)NC(=O)[C@@H](CCC(=O)O)NC(=O)[C@@H](Cc2ccc(O)cc2)NC(=O)[C@@H](CC(C)C)NC(=O)[C@@H](Cc2ccc(OP(=O)(O)O)cc2)NC(=O)CSC[C@H](C(N)=O)NC(=O)[C@@H](Cc2ccc(O)cc2)NC1=O,CHEMBL414817
NC(=O)C[C@H](NC(=O)C1(NC(=O)[C@H](Cc2ccc(OCC(=O)O)cc2)NC(=O)C(=O)O)CCCCC1)C(=O)NCCCc1cccc2ccccc12,CHEMBL174418
CC(=O)N[C@@H](Cc1ccc(CP(=O)(O)O)cc1)C(=O)NC1(C(=O)N[C@@H](CC(N)=O)C(=O)NCCCc2cccc3ccccc23)CCCCC1,CHEMBL19417
CC(=O)N[C@@H](Cc1ccc(C(F)(C(=O)O)C(=O)O)cc1)C(=O)NC1(C(=O)N[C@@H](CC(N)=O)C(=O)NCCCc2cccc3ccccc23)CCCCC1,CHEMBL443564
CC(=O)N[C@@H](Cc1ccc(C(C(=O)O)C(=O)O)cc1)C(=O)NC1(C(=O)N[C@@H](CC(N)=O)C(=O)NCCCn2ccc3cc(C)ccc32)CCCCC1,CHEMBL368263
CC(=O)N[C@@H](Cc1ccc(OP(=O)(O)O)cc1)C(=O)N[C@@H](CO)c1nc(Cc2ccc(Cl)c(Cl)c2)no1,CHEMBL316967
CC(=O)N[C@@H](Cc1ccc(OP(=O)(O)O)cc1)C(=O)N[C@@H](CCC(N)=O)c1nc(Cc2ccccc2)no1,CHEMBL77067
CC(=O)N[C@@H](Cc1ccc(OP(=O)(O)O)cc1)C(=O)N[C@@H](C)c1nc(Cc2ccc(C(F)(F)F)cc2)no1,CHEMBL103838
CC(=O)N[C@@H](Cc1ccc(OP(=O)(O)O)cc1)C(=O)N[C@@H](C)c1nc(Cc2ccc(Cl)c(Cl)c2)no1,CHEMBL318300
O=C(Cc1ccccc1)N[C@@H](Cc1ccc(OP(=O)(O)O)cc1)C(=O)N[C@@H](CO)c1nc(Cc2ccc(Cl)c(Cl)c2)no1,CHEMBL337451
CC[C@H](C)[C@H](NC(=O)[C@@H](N)Cc1ccc(OP(=O)(O)O)cc1)C(=O)N[C@@H](CC(N)=O)C(N)=O,CHEMBL118200
CC[C@H](C)[C@H](NC(=O)[C@H](Cc1ccc(OP(=O)(O)O)cc1)NC(=O)[C@H](CCC(=O)O)NC(=O)c1ccccc1N)C(=O)N[C@@H](CC(N)=O)C(N)=O,CHEMBL331438
CC(=O)N[C@@H](Cc1ccc(OP(=O)(O)O)cc1)C(=O)N[C@@H](CO)c1nc(Cc2ccc(C(F)(F)F)cc2)no1,CHEMBL334979
CC(=O)N[C@@H](Cc1ccc(OP(=O)(O)O)cc1)C(=O)N[C@@H](C)c1nc(Cc2ccc3ccccc3c2)no1,CHEMBL335628
CC(=O)N[C@@H](Cc1ccc(OP(=O)(O)O)cc1)C(=O)N[C@@H](CCc1ccccc1)c1nc(Cc2ccc(C(F)(F)F)cc2)no1,CHEMBL337253
CC(=O)N[C@@H](Cc1ccc(OP(=O)(O)O)cc1)C(=O)N[C@@H](CCC(N)=O)c1nc(Cc2ccc(Cl)c(Cl)c2)no1,CHEMBL337459
CC[C@H](C)[C@H](NC(=O)[C@H](Cc1ccc(OP(=O)(O)O)cc1)NC(C)=O)C(=O)N[C@@H](CC(N)=O)C(N)=O,CHEMBL118574
CC(=O)N[C@@H](Cc1ccc(OP(=O)(O)O)cc1)C(=O)N[C@@H](CO)c1nc(Cc2ccc3ccccc3c2)no1,CHEMBL336314
O=C(Cc1ccccc1)N[C@@H](Cc1ccc(OP(=O)(O)O)cc1)C(=O)N[C@@H](CO)c1nc(Cc2ccc3ccccc3c2)no1,CHEMBL336958
CC[C@H](C)[C@H](NC(=O)[C@H](Cc1ccc(OP(=O)(O)O)cc1)NC(=O)OCc1cccc(N)c1)C(=O)N[C@@H](CC(N)=O)C(N)=O,CHEMBL327037
CC(=O)N[C@@H](Cc1ccc(OP(=O)(O)O)cc1)C(=O)N[C@@H](CCc1ccccc1)c1nc(Cc2ccc3ccccc3c2)no1,CHEMBL407143
CC(=O)N[C@@H](Cc1ccc(OP(=O)(O)O)cc1)C(=O)N[C@@H](CCC(N)=O)c1nc(Cc2ccc3ccccc3c2)no1,CHEMBL134243
CC[C@H](C)[C@H](NC(=O)[C@H](Cc1ccc(OP(=O)(O)O)cc1)NC(=O)[C@@H](N)CCC(=O)O)C(=O)N[C@@H](CC(N)=O)C(N)=O,CHEMBL332374
CC[C@H](C)[C@H](NC(=O)[C@H](Cc1ccc(OP(=O)(O)O)cc1)NC(=O)OCc1ccccc1)C(=O)N[C@@H](CC(N)=O)C(N)=O,CHEMBL420319
CC(=O)N[C@@H](Cc1ccc(OP(=O)(O)O)cc1)C(=O)N[C@@H](CCc1ccccc1)c1nc(Cc2ccc(Cl)c(Cl)c2)no1,CHEMBL336949
O=C(Cc1ccccc1)N[C@@H](Cc1ccc(OP(=O)(O)O)cc1)C(=O)N[C@@H](CO)c1nc(Cc2ccc(C(F)(F)F)cc2)no1,CHEMBL337737
CC(C)C[C@@H]1NC(=O)[C@H](CCCC(=O)O)NC(=O)C[S+]([O-])C[C@H](C(N)=O)NC(=O)CCCCNC(=O)[C@H](C(C)C)NC(=O)[C@H](CC(N)=O)NC(=O)C2(CCCCC2)NC(=O)[C@H](Cc2ccc(O)cc2)NC1=O,CHEMBL414039
CC(C)C[C@@H]1NC(=O)[C@H](CC(C(=O)O)C(=O)O)NC(=O)C[S+]([O-])C[C@@H](C(N)=O)NC(=O)CCCCNC(=O)[C@H](C(C)C)NC(=O)[C@H](CC(N)=O)NC(=O)C2(CCCCC2)NC(=O)[C@H](Cc2ccc(O)c(N)c2)NC1=O,CHEMBL444897
CC(C)C[C@@H]1NC(=O)[C@H](CCCC(=O)O)NC(=O)CSC[C@@H](C(N)=O)NC(=O)CCCCNC(=O)[C@H](C(C)C)NC(=O)[C@H](CC(N)=O)NC(=O)C2(CCCCC2)NC(=O)[C@H](Cc2ccc(O)cc2)NC1=O,CHEMBL266080
CC(C)C[C@@H]1NC(=O)[C@H](CC(C(=O)O)C(=O)O)NC(=O)CSC[C@@H](C(N)=O)NC(=O)CCCCNC(=O)[C@H](C(C)C)NC(=O)[C@H](CC(N)=O)NC(=O)[C@H](CCCC(=O)O)NC(=O)[C@H](Cc2ccc(O)cc2)NC1=O,CHEMBL427607
CC(C)C[C@@H]1NC(=O)[C@H](CC(C(=O)O)C(=O)O)NC(=O)C[S+]([O-])C[C@H](C(N)=O)NC(=O)CCCCNC(=O)[C@H](C(C)C)NC(=O)[C@H](CC(N)=O)NC(=O)C2(CCCCC2)NC(=O)[C@H](Cc2ccc(O)c(N)c2)NC1=O,CHEMBL266791
CC(C)C[C@@H]1NC(=O)[C@H](CCCC(=O)O)NC(=O)C[S+]([O-])C[C@@H](C(N)=O)NC(=O)CCCCNC(=O)[C@H](C(C)C)NC(=O)[C@H](CC(N)=O)NC(=O)C2(CCCCC2)NC(=O)[C@H](Cc2ccc(O)cc2)NC1=O,CHEMBL408922
CC(C)C[C@@H]1NC(=O)[C@H](CC(C(=O)O)C(=O)O)NC(=O)CSC[C@@H](C(N)=O)NC(=O)CCCCNC(=O)[C@H](C(C)C)NC(=O)[C@H](CC(N)=O)NC(=O)C2(CCCCC2)NC(=O)[C@H](Cc2ccc(O)c(N)c2)NC1=O,CHEMBL265254
CC(=O)N[C@@H](Cc1ccc(OP(=O)(O)O)cc1)C(=O)N[C@@H](CCC(N)=O)c1cccc(NC(N)=O)c1,CHEMBL319289
CC(=O)N[C@@H](Cc1ccc(OP(=O)(O)O)cc1)C(=O)NCc1cccc(NC(N)=O)c1,CHEMBL316834
CC(=O)N[C@@H](Cc1ccc(OP(=O)(O)O)cc1)C(=O)N[C@H](c1cccc(NC(N)=O)c1)C(C)C,CHEMBL95550
CC(=O)N[C@@H](Cc1ccc(OP(=O)(O)O)cc1)C(=O)N[C@@H](CCC(N)=O)C(=O)N[C@@H](CC(N)=O)C(N)=O,CHEMBL98515
CC(=O)N[C@@H](Cc1ccc(OP(=O)(O)O)cc1)C(=O)N[C@H](C(=O)N[C@@H](CC(N)=O)C(N)=O)C(C)C,CHEMBL292567
CC(=O)N[C@@H](Cc1ccc(OP(=O)(O)O)cc1)C(=O)NCC(=O)N[C@@H](CC(N)=O)C(N)=O,CHEMBL61047
Cc1ccc2c(ccn2C[C@@H]2C/C=C/[C@H](c3ccc(CP(=O)(O)O)cc3)[C@H](CC(=O)O)C(=O)NC3(CCCCC3)C(=O)N[C@@H](CC(N)=O)C(=O)NC2)c1,CHEMBL349373
NC(=O)C[C@@H]1NC(=O)C2(CCCCC2)NC(=O)C[C@@H](c2ccc(CP(=O)(O)O)cc2)/C=C/C[C@@H](Cc2cccc3ccccc23)CNC1=O,CHEMBL291678
NC(=O)C[C@@H]1NC(=O)C2(CCCCC2)NC(=O)C[C@@H](c2ccc(CP(=O)(O)O)cc2)/C=C/C[C@@H](Cc2cccc3ccccc23)CNC1=O,CHEMBL291678
NC(=O)C[C@@H]1NC(=O)C2(CCCCC2)NC(=O)[C@@H](CC(=O)O)[C@@H](c2ccc(CP(=O)(O)O)cc2)/C=C/C[C@@H](Cc2cccc3ccccc23)CNC1=O,CHEMBL306657
NC(=O)C[C@@H]1NC(=O)C2(CCCCC2)NC(=O)[C@@H](CC(=O)O)[C@@H](c2ccc(CP(=O)(O)O)cc2)/C=C/C[C@@H](Cc2cccc3ccccc23)CNC1=O,CHEMBL306657
NC(=O)C[C@H](NC(=O)C1(NC(=O)[C@H](Cc2ccc(OCC(=O)O)c(OCC(=O)O)c2)NC(=O)C(=O)O)CCCCC1)C(=O)NCCCc1cccc2ccccc12,CHEMBL355764
NC(=O)C[C@H](NC(=O)C1(NC(=O)[C@@H](N)Cc2ccc(OP(=O)(O)O)c(N)c2)CC1)C(N)=O,CHEMBL2372814
NC(=O)C[C@H](NC(=O)C1(NC(=O)[C@H](Cc2ccc(OCC(=O)O)cc2)NC(=O)C(=O)O)CCCCC1)C(=O)NCCCc1cccc2ccccc12,CHEMBL174418
NC(=O)C[C@H](NC(=O)C1(NC(=O)[C@H](Cc2ccc(C(F)(C(=O)O)C(=O)O)cc2)NC(=O)C(=O)O)CCCCC1)C(=O)NCCCc1cccc2ccccc12,CHEMBL353708
NC(=O)C[C@H](NC(=O)C1(NC(=O)[C@H](Cc2ccc(OP(=O)(O)O)cc2)NC(=O)OCc2cccc(N)c2)CCCCC1)C(N)=O,CHEMBL77689
C[C@@](Cc1ccc(C(=O)O)cc1)(NC(=O)[C@H](Cc1ccc(OP(=O)(O)O)cc1)NC(=O)OCc1cccc(N)c1)C(=O)N[C@@H](CC(N)=O)C(N)=O,CHEMBL3143002
NC(=O)C[C@H](NC(=O)C1(NC(=O)[C@H](Cc2ccc(C(C(=O)O)C(=O)O)cc2)NC(=O)C(=O)O)CCCCC1)C(=O)NCCCc1cccc2ccccc12,CHEMBL303150
C[C@@](Cc1ccc(O)cc1)(NC(=O)[C@H](Cc1ccc(OP(=O)(O)O)cc1)NC(=O)OCc1cccc(N)c1)C(=O)N[C@@H](CC(N)=O)C(N)=O,CHEMBL3143004
NC(=O)C[C@H](NC(=O)C1(NC(=O)[C@H](Cc2ccc(CC(=O)O)cc2)NC(=O)C(=O)O)CCCCC1)C(=O)NCCCc1cccc2ccccc12,CHEMBL355066
C[C@@](Cc1ccc(OP(=O)(O)O)cc1)(NC(=O)[C@H](Cc1ccc(OP(=O)(O)O)cc1)NC(=O)OCc1cccc(N)c1)C(=O)N[C@@H](CC(N)=O)C(N)=O,CHEMBL3142999
NC(=O)C[C@H](NC(=O)C1(NC(=O)[C@H](Cc2ccc(O)c(C(=O)O)c2)NC(=O)C(=O)O)CCCCC1)C(=O)NCCCc1cccc2ccccc12,CHEMBL366735
NC(=O)C[C@H](NC(=O)C1(NC(=O)[C@@H](N)Cc2ccc(OP(=O)(O)O)c(N)c2)Cc2ccccc2C1)C(N)=O,CHEMBL3144402
C[C@@](Cc1ccc(CC(=O)O)cc1)(NC(=O)[C@H](Cc1ccc(OP(=O)(O)O)cc1)NC(=O)OCc1cccc(N)c1)C(=O)N[C@@H](CC(N)=O)C(N)=O,CHEMBL3143003
NC(=O)C[C@H](NC(=O)[C@H](Cc1ccc(OP(=O)(O)O)cc1)NC(=O)[C@H](Cc1ccc(OP(=O)(O)O)cc1)NC(=O)OCc1cccc(N)c1)C(N)=O,CHEMBL3143006
CC(C)(NC(=O)[C@@H](N)Cc1ccc(OP(=O)(O)O)c(N)c1)C(=O)N[C@@H](CC(N)=O)C(N)=O,CHEMBL2372813
NC(=O)C[C@H](NC(=O)C1(NC(=O)[C@@H](N)Cc2ccc(OP(=O)(O)O)c(N)c2)CCCC1)C(N)=O,CHEMBL2372811
NC(=O)C[C@H](NC(=O)C1(NC(=O)[C@H](Cc2ccc(OCC(=O)O)c(C(=O)O)c2)NC(=O)C(=O)O)CCCCC1)C(=O)NCCCc1cccc2ccccc12,CHEMBL332671
NC(=O)C[C@H](NC(=O)C1(NC(=O)[C@H](Cc2ccc(C(F)(F)C(=O)O)cc2)NC(=O)C(=O)O)CCCCC1)C(=O)NCCCc1cccc2ccccc12,CHEMBL168417
NC(=O)C[C@H](NC(=O)C1(NC(=O)[C@H](Cc2ccc(C(=O)O)c(O)c2)NC(=O)C(=O)O)CCCCC1)C(=O)NCCCc1cccc2ccccc12,CHEMBL433919
NC(=O)C[C@H](NC(=O)C1(NC(=O)[C@H](Cc2ccc(OC(C(=O)O)C(=O)O)cc2)NC(=O)C(=O)O)CCCCC1)C(=O)NCCCc1cccc2ccccc12,CHEMBL171244
NC(=O)C[C@H](NC(=O)[C@H](Cc1ccc(O)cc1)NC(=O)[C@H](Cc1ccc(OP(=O)(O)O)cc1)NC(=O)OCc1cccc(N)c1)C(N)=O,CHEMBL3142993
CC[C@H](C)[C@H](NC(=O)[C@@H](N)Cc1ccc(OP(=O)(O)O)c(N)c1)C(=O)N[C@@H](CC(N)=O)C(N)=O,CHEMBL2372812
NC(=O)C[C@H](NC(=O)C1(NC(=O)[C@@H](N)Cc2ccc(OP(=O)(O)O)c(N)c2)CCCCC1)C(N)=O,CHEMBL3144403
NC(=O)C[C@H](NC(=O)C1(NC(=O)[C@@H](N)Cc2ccc(OP(=O)(O)O)c(N)c2)CCCCC1)C(N)=O,CHEMBL3144403
NC(=O)C[C@@H]1NC(=O)C2(CCCCC2)NC(=O)[C@@H](CC(=O)O)[C@@H](c2ccc(C(C(=O)[O-])C(=O)[O-])cc2)/C=C/C[C@@H](Cc2cccc3ccccc23)CNC1=O.[Na+].[Na+],CHEMBL70024
NC(=O)C[C@@H]1NC(=O)C2(CCCCC2)NC(=O)[C@@H](CC(=O)O)[C@@H](c2ccc(C(C(=O)[O-])C(=O)[O-])cc2)/C=C/C[C@@H](Cc2cccc3ccccc23)CNC1=O.[Na+].[Na+],CHEMBL70024
NC(=O)C[C@@H]1NC(=O)C2(CCCCC2)NC(=O)[C@@H](CC(=O)O)[C@@H](c2ccc(CP(=O)(O)O)cc2)/C=C/C[C@@H](Cc2cccc3ccccc23)CNC1=O,CHEMBL306657
NC(=O)C[C@@H]1NC(=O)C2(CCCCC2)NC(=O)[C@@H](CC(=O)O)[C@@H](c2ccc(CP(=O)(O)O)cc2)/C=C/C[C@@H](Cc2cccc3ccccc23)CNC1=O,CHEMBL306657
NC(=O)C[C@H](NC(=O)C1(NC(=O)[C@H](Cc2ccc(C(C(=O)O)C(=O)O)cc2)NC(=O)C(=O)O)CCCCC1)C(=O)NCCCc1cccc2ccccc12,CHEMBL303150
NC(=O)C[C@H](NC(=O)C1(NC(=O)[C@H](Cc2ccc(CP(=O)(O)O)cc2)NC(=O)C(=O)O)CCCCC1)C(=O)NCCCc1cccc2ccccc12,CHEMBL55627
NC(=O)C[C@H](NC(=O)C1(NC(=O)[C@H](Cc2ccc(CP(=O)(O)O)cc2)NC(=O)C(=O)O)CCCCC1)C(=O)NCCCc1cccc2ccccc12,CHEMBL55627
NC(=O)C[C@H](NC(=O)C1(NC(=O)[C@H](Cc2ccc(C(C(=O)O)C(=O)O)cc2)NC(=O)C(=O)O)CCCCC1)C(=O)NCCCc1ccc2ccccc2c1,CHEMBL288116
NC(=O)[C@H]1CCC=CC1NC(=O)C1(NC(=O)[C@H](Cc2ccc(OP(=O)(O)O)cc2)NC(=O)OCc2cccc(N)c2)CCCCC1,CHEMBL1160046
NC(=O)C[C@H](NC(=O)C1(NC(=O)[C@@H](CC(=O)O)Cc2ccc(CP(=O)(O)O)cc2)CCCCC1)C(=O)NCCNc1ccc([N+](=O)[O-])c2nonc12,CHEMBL362853
NC(=O)C[C@H](NC(=O)C1(NC(=O)[C@H](Cc2ccc(CC(=O)O)cc2)NC(=O)C(=O)O)CCCCC1)C(=O)NCCCc1cccc2ccccc12,CHEMBL355066
CC(=O)N[C@@H](Cc1ccc(OP(=O)(O)O)cc1)C(=O)NC1(C(=O)N[C@@H](CC(N)=O)C(=O)NCCCc2cccc3ccccc23)CCCCC1,CHEMBL117807
NC(=O)C[C@H](NC(=O)C1(NC(=O)[C@H](Cc2ccc(C(C(=O)O)C(=O)O)cc2)NC(=O)C(=O)O)CCCCC1)C(=O)NCCCc1cccc2ccccc12,CHEMBL303150
NC(=O)C[C@H](NC(=O)C1(NC(=O)[C@H](Cc2ccc(CC(=O)O)cc2)NC(=O)C(=O)O)CCCCC1)C(=O)NCCCc1cccc2ccccc12,CHEMBL355066
Cc1ccc2c(ccn2C[C@@H]2C/C=C/[C@H](c3ccc(NC(=O)C(=O)O)cc3)[C@H](CC(=O)O)C(=O)NC3(CCCCC3)C(=O)N[C@@H](CC(N)=O)C(=O)NC2)c1,CHEMBL263328
Cc1ccc2c(ccn2C[C@@H]2C/C=C/[C@H](c3ccc(CC(=O)O)cc3)[C@H](CC(=O)O)C(=O)NC3(CCCCC3)C(=O)N[C@@H](CC(N)=O)C(=O)NC2)c1,CHEMBL193015
Cc1ccc2c(ccn2C[C@@H]2C/C=C/[C@H](c3ccc(CP(=O)(O)Cc4ccccc4)cc3)[C@H](CC(=O)O)C(=O)NC3(CCCCC3)C(=O)N[C@@H](CC(N)=O)C(=O)NC2)c1,CHEMBL193281
Cc1ccc2c(ccn2C[C@@H]2C/C=C/[C@H](c3ccc(CP(C)(=O)O)cc3)[C@H](CC(=O)O)C(=O)NC3(CCCCC3)C(=O)N[C@@H](CC(N)=O)C(=O)NC2)c1,CHEMBL424823
Cc1ccc2c(ccn2C[C@@H]2C/C=C/[C@H](c3ccc(C(C(=O)O)C(=O)O)cc3)[C@H](CC(=O)O)C(=O)NC3(CCCCC3)C(=O)N[C@@H](CC(N)=O)C(=O)NC2)c1,CHEMBL191728
Cc1ccc2c(ccn2C[C@@H]2C/C=C/[C@H](c3ccc(CP(=O)(O)O)cc3)[C@H](CC(=O)O)C(=O)NC3(CCCCC3)C(=O)N[C@@H](CC(N)=O)C(=O)NC2)c1,CHEMBL349373
CC(C)C[C@@H]1NC(=O)[C@H](CCCC(=O)O)NC(=O)CSC[C@@H](C(N)=O)NC(=O)CCCCNC(=O)[C@H](CC(N)=O)NC(=O)C2(CCCCC2)NC(=O)[C@H](Cc2ccc(O)cc2)NC1=O,CHEMBL203579
CC(C)C[C@@H]1NC(=O)[C@H](CC(C(=O)O)C(=O)O)NC(=O)C[S+]([O-])C[C@H](C(N)=O)NC(=O)[C@H](CC(N)=O)NC(=O)C2(CCCCC2)NC(=O)[C@H](Cc2ccc(O)c(N)c2)NC1=O,CHEMBL204668
CC(C)C[C@@H]1NC(=O)[C@H](CC(C(=O)O)C(=O)O)NC(=O)C[S+]([O-])C[C@H](C(N)=O)NC(=O)CCNC(=O)[C@H](CC(N)=O)NC(=O)C2(CCCCC2)NC(=O)[C@H](Cc2ccc(O)c(N)c2)NC1=O,CHEMBL203512
CC(C)C[C@@H]1NC(=O)[C@H](CC(C(=O)O)C(=O)O)NC(=O)C[S+]([O-])C[C@H](C(N)=O)NC(=O)CCCCNC(=O)[C@H](CC(N)=O)NC(=O)C2(CCCCC2)NC(=O)[C@H](Cc2ccc(O)c(N)c2)NC1=O,CHEMBL205022
CC(C)C[C@@H]1NC(=O)[C@H](CC(C(=O)O)C(=O)O)NC(=O)C[S+]([O-])C[C@@H](C(N)=O)NC(=O)[C@H](CC(N)=O)NC(=O)C2(CCCCC2)NC(=O)[C@H](Cc2ccc(O)c(N)c2)NC1=O,CHEMBL381980
CC(C)C[C@@H]1NC(=O)[C@H](CC(C(=O)O)C(=O)O)NC(=O)C[S+]([O-])C[C@@H](C(N)=O)NC(=O)CCNC(=O)[C@H](CC(N)=O)NC(=O)C2(CCCCC2)NC(=O)[C@H](Cc2ccc(O)c(N)c2)NC1=O,CHEMBL383709
CC(C)C[C@@H]1NC(=O)[C@H](CC(C(=O)O)C(=O)O)NC(=O)C[S+]([O-])C[C@@H](C(N)=O)NC(=O)CCCCNC(=O)[C@H](CC(N)=O)NC(=O)C2(CCCCC2)NC(=O)[C@H](Cc2ccc(O)c(N)c2)NC1=O,CHEMBL203761
CC(C)C[C@@H]1NC(=O)[C@H](CC(C(=O)O)C(=O)O)NC(=O)CSC[C@@H](C(N)=O)NC(=O)[C@H](CC(N)=O)NC(=O)C2(CCCCC2)NC(=O)[C@H](Cc2ccc(O)c(N)c2)NC1=O,CHEMBL202731
CC(C)C[C@@H]1NC(=O)[C@H](CC(C(=O)O)C(=O)O)NC(=O)CSC[C@@H](C(N)=O)NC(=O)CCNC(=O)[C@H](CC(N)=O)NC(=O)C2(CCCCC2)NC(=O)[C@H](Cc2ccc(O)c(N)c2)NC1=O,CHEMBL204237
CC(C)C[C@@H]1NC(=O)[C@H](CC(C(=O)O)C(=O)O)NC(=O)CSC[C@@H](C(N)=O)NC(=O)CCCCNC(=O)[C@H](CC(N)=O)NC(=O)C2(CCCCC2)NC(=O)[C@H](Cc2ccc(O)c(N)c2)NC1=O,CHEMBL262988
CC(C)C[C@@H]1NC(=O)[C@H](CCCC(=O)O)NC(=O)C[S+]([O-])C[C@H](C(N)=O)NC(=O)CCCCNC(=O)[C@H](CC(N)=O)NC(=O)C2(CCCCC2)NC(=O)[C@H](Cc2ccc(O)c(C(=O)O)c2)NC1=O,CHEMBL381546
CC(C)C[C@@H]1NC(=O)[C@H](CCCC(=O)O)NC(=O)C[S+]([O-])C[C@H](C(N)=O)NC(=O)CCCCNC(=O)[C@H](CC(N)=O)NC(=O)C2(CCCCC2)NC(=O)[C@H](Cc2ccc(O)c([N+](=O)[O-])c2)NC1=O,CHEMBL437126
CC(C)C[C@@H]1NC(=O)[C@H](CCCC(=O)O)NC(=O)C[S+]([O-])C[C@H](C(N)=O)NC(=O)CCCCNC(=O)[C@H](CC(N)=O)NC(=O)C2(CCCCC2)NC(=O)[C@H](Cc2ccc(O)c(N)c2)NC1=O,CHEMBL203840
COc1cc(C[C@@H]2NC(=O)[C@H](CC(C)C)NC(=O)[C@H](CCCC(=O)O)NC(=O)C[S+]([O-])C[C@H](C(N)=O)NC(=O)CCCCNC(=O)[C@H](CC(N)=O)NC(=O)C3(CCCCC3)NC2=O)ccc1O,CHEMBL438786
CC(C)C[C@@H]1NC(=O)[C@H](CCCC(=O)O)NC(=O)C[S+]([O-])C[C@H](C(N)=O)NC(=O)CCCCNC(=O)[C@H](CC(N)=O)NC(=O)C2(CCCCC2)NC(=O)[C@H](Cc2ccc(O)c(O)c2)NC1=O,CHEMBL409145
CC(C)C[C@@H]1NC(=O)[C@H](CCCC(=O)O)NC(=O)C[S+]([O-])C[C@H](C(N)=O)NC(=O)CCCCNC(=O)[C@H](CC(N)=O)NC(=O)C2(CCCCC2)NC(=O)[C@H](Cc2ccc(O)cc2)NC1=O,CHEMBL264656
CC(C)C[C@@H]1NC(=O)[C@H](CCCC(=O)O)NC(=O)C[S+]([O-])C[C@@H](C(N)=O)NC(=O)CCCCNC(=O)[C@H](CC(N)=O)NC(=O)C2(CCCCC2)NC(=O)[C@H](Cc2ccc(O)c(C(=O)O)c2)NC1=O,CHEMBL382348
CC(C)C[C@@H]1NC(=O)[C@H](CCCC(=O)O)NC(=O)C[S+]([O-])C[C@@H](C(N)=O)NC(=O)CCCCNC(=O)[C@H](CC(N)=O)NC(=O)C2(CCCCC2)NC(=O)[C@H](Cc2ccc(O)c([N+](=O)[O-])c2)NC1=O,CHEMBL424855
CC(C)C[C@@H]1NC(=O)[C@H](CCCC(=O)O)NC(=O)C[S+]([O-])C[C@@H](C(N)=O)NC(=O)CCCCNC(=O)[C@H](CC(N)=O)NC(=O)C2(CCCCC2)NC(=O)[C@H](Cc2ccc(O)c(N)c2)NC1=O,CHEMBL425761
COc1cc(C[C@@H]2NC(=O)[C@H](CC(C)C)NC(=O)[C@H](CCCC(=O)O)NC(=O)C[S+]([O-])C[C@@H](C(N)=O)NC(=O)CCCCNC(=O)[C@H](CC(N)=O)NC(=O)C3(CCCCC3)NC2=O)ccc1O,CHEMBL381813
CC(C)C[C@@H]1NC(=O)[C@H](CCCC(=O)O)NC(=O)C[S+]([O-])C[C@@H](C(N)=O)NC(=O)CCCCNC(=O)[C@H](CC(N)=O)NC(=O)C2(CCCCC2)NC(=O)[C@H](Cc2ccc(O)c(O)c2)NC1=O,CHEMBL410470
CC(C)C[C@@H]1NC(=O)[C@H](CCCC(=O)O)NC(=O)C[S+]([O-])C[C@@H](C(N)=O)NC(=O)CCCCNC(=O)[C@H](CC(N)=O)NC(=O)C2(CCCCC2)NC(=O)[C@H](Cc2ccc(O)cc2)NC1=O,CHEMBL379915
CC(C)C[C@@H]1NC(=O)[C@H](CCCC(=O)O)NC(=O)CSC[C@@H](C(N)=O)NC(=O)CCCCNC(=O)[C@H](CC(N)=O)NC(=O)C2(CCCCC2)NC(=O)[C@H](Cc2ccc(O)c(C(=O)O)c2)NC1=O,CHEMBL263566
CC(C)C[C@@H]1NC(=O)[C@H](CCCC(=O)O)NC(=O)CSC[C@@H](C(N)=O)NC(=O)CCCCNC(=O)[C@H](CC(N)=O)NC(=O)C2(CCCCC2)NC(=O)[C@H](Cc2ccc(O)c([N+](=O)[O-])c2)NC1=O,CHEMBL381812
CC(C)C[C@@H]1NC(=O)[C@H](CCCC(=O)O)NC(=O)CSC[C@@H](C(N)=O)NC(=O)CCCCNC(=O)[C@H](CC(N)=O)NC(=O)C2(CCCCC2)NC(=O)[C@H](Cc2ccc(O)c(N)c2)NC1=O,CHEMBL380964
COc1cc(C[C@@H]2NC(=O)[C@H](CC(C)C)NC(=O)[C@H](CCCC(=O)O)NC(=O)CSC[C@@H](C(N)=O)NC(=O)CCCCNC(=O)[C@H](CC(N)=O)NC(=O)C3(CCCCC3)NC2=O)ccc1O,CHEMBL438199
CC(C)C[C@@H]1NC(=O)[C@H](CCCC(=O)O)NC(=O)CSC[C@@H](C(N)=O)NC(=O)CCCCNC(=O)[C@H](CC(N)=O)NC(=O)C2(CCCCC2)NC(=O)[C@H](Cc2ccc(O)c(O)c2)NC1=O,CHEMBL381327
CCC(C)/C=C(C)/C=C/c1cc2c(cn1)=C(OC)[C@@](C)(OC(C)=O)C(=O)C=2Cl,CHEMBL487793
CC(C)C[C@@H]1NC(=O)[C@H](CCCC(=O)O)NC(=O)C[S@@+]([O-])C[C@@H](C(N)=O)NC(=O)CCCCNC(=O)[C@H](CC(N)=O)NC(=O)C2(CCCCC2)NC(=O)[C@H](Cc2ccc(O)cc2)NC1=O,CHEMBL1627243
CC(C)C[C@H](NC(=O)[C@](C)(CCCC(=O)O)NC(=O)OCC1c2ccccc2-c2ccccc21)C(=O)N[C@@H](Cc1ccc(O)c(N)c1)C(=O)NC1(C(=O)N[C@@H](CC(N)=O)C(N)=O)CCCCC1,CHEMBL500357
CC(C)C[C@H](NC(=O)[C@@](C)(CCCC(=O)O)NC(=O)OCC1c2ccccc2-c2ccccc21)C(=O)N[C@@H](Cc1ccc(O)c(N)c1)C(=O)NC1(C(=O)N[C@@H](CC(N)=O)C(N)=O)CCCCC1,CHEMBL499251
CC(C)C[C@H](NC(=O)[C@](C)(CCCC(=O)O)NC(=O)OCC1c2ccccc2-c2ccccc21)C(=O)N[C@@H](Cc1ccc(O)cc1)C(=O)NC1(C(=O)N[C@@H](CC(N)=O)C(N)=O)CCCCC1,CHEMBL461032
CC(C)C[C@H](NC(=O)[C@@](C)(CCCC(=O)O)NC(=O)OCC1c2ccccc2-c2ccccc21)C(=O)N[C@@H](Cc1ccc(O)cc1)C(=O)NC1(C(=O)N[C@@H](CC(N)=O)C(N)=O)CCCCC1,CHEMBL448312
CC(C)C[C@H](NC(=O)[C@H](CC(C(=O)O)C(=O)O)NC(=O)OCC1c2ccccc2-c2ccccc21)C(=O)N[C@@H](Cc1ccc(O)c(N)c1)C(=O)NC1(C(=O)N[C@@H](CC(N)=O)C(N)=O)CCCCC1,CHEMBL444948
CC(C)C[C@H](NC(=O)[C@H](CCCC(=O)O)NC(=O)OCC1c2ccccc2-c2ccccc21)C(=O)N[C@@H](Cc1ccc(O)c(N)c1)C(=O)NC1(C(=O)N[C@@H](CC(N)=O)C(N)=O)CCCCC1,CHEMBL462230
C[C@@](CCC(=O)O)(NC(=O)[C@H](Cc1ccc(O)c(CCC(=O)O)c1)NC(=O)OCC1c2ccccc2-c2ccccc21)C(=O)N[C@@H](CC(N)=O)C(N)=O,CHEMBL448041
C[C@@](CCC(=O)O)(NC(=O)[C@@H](N)Cc1ccc(O)c(CCO)c1)C(=O)N[C@@H](CC(N)=O)C(N)=O,CHEMBL489405
CC(C)C[C@H](NC(=O)[C@H](CCCC(=O)O)NC(=O)OCC1c2ccccc2-c2ccccc21)C(=O)N[C@@H](Cc1ccc(O)c(CCC(=O)O)c1)C(=O)N[C@@](C)(CCC(=O)O)C(=O)N[C@@H](CC(N)=O)C(N)=O,CHEMBL445342
CC(C)C[C@H](NC(=O)[C@H](CC(C(=O)O)C(=O)O)NC(=O)OCC1c2ccccc2-c2ccccc21)C(=O)N[C@@H](Cc1ccc(O)c(N)c1)C(=O)N[C@@](C)(CCC(=O)O)C(=O)N[C@@H](CC(N)=O)C(N)=O,CHEMBL508925
CC(C)C[C@H](NC(=O)[C@@H](N)CC(C(=O)O)C(=O)O)C(=O)N[C@@H](Cc1ccc(O)c(N)c1)C(=O)N[C@@](C)(CCC(=O)O)C(=O)N[C@@H](CC(N)=O)C(N)=O,CHEMBL507364
CC(C)C[C@@H]1NC(=O)[C@H](CC(C(=O)O)C(=O)O)NC(=O)C[S@@+]([O-])C[C@@H](C(N)=O)NC(=O)CCCCNC(=O)[C@H](CC(N)=O)NC(=O)[C@](C)(CCCC(=O)O)NC(=O)[C@H](Cc2ccc(O)c(N)c2)NC1=O,CHEMBL1627266
CC(C)C[C@@H]1NC(=O)[C@H](CC(C(=O)O)C(=O)O)NC(=O)CSC[C@@H](C(N)=O)NC(=O)CCCCNC(=O)[C@H](CC(N)=O)NC(=O)[C@](C)(CCCC(=O)O)NC(=O)[C@H](Cc2ccc(O)c(N)c2)NC1=O,CHEMBL452659
CC(C)C[C@@H]1NC(=O)[C@H](CCCC(=O)O)NC(=O)C[S@@+]([O-])C[C@@H](C(N)=O)NC(=O)CCCCNC(=O)[C@H](CC(N)=O)NC(=O)[C@](C)(CCC(=O)O)NC(=O)[C@H](Cc2ccc(O)c(N)c2)NC1=O,CHEMBL1627272
CC(C)C[C@@H]1NC(=O)[C@H](CCCC(=O)O)NC(=O)CSC[C@@H](C(N)=O)NC(=O)CCCCNC(=O)[C@H](CC(N)=O)NC(=O)[C@](C)(CCC(=O)O)NC(=O)[C@H](Cc2ccc(O)c(N)c2)NC1=O,CHEMBL502730
CC(C)C[C@@H]1NC(=O)[C@H](CCCC(=O)O)NC(=O)C[S@@+]([O-])C[C@@H](C(N)=O)NC(=O)CCCCNC(=O)[C@H](CC(N)=O)NC(=O)[C@@](C)(CCC(=O)O)NC(=O)[C@H](Cc2ccc(O)cc2)NC1=O,CHEMBL1627271
CC(C)C[C@@H]1NC(=O)[C@H](CCCC(=O)O)NC(=O)CSC[C@@H](C(N)=O)NC(=O)CCCCNC(=O)[C@H](CC(N)=O)NC(=O)[C@@](C)(CCC(=O)O)NC(=O)[C@H](Cc2ccc(O)cc2)NC1=O,CHEMBL450367
CC(C)C[C@@H]1NC(=O)[C@H](CCCC(=O)O)NC(=O)C[S@@+]([O-])C[C@@H](C(N)=O)NC(=O)CCCCNC(=O)[C@H](CC(N)=O)NC(=O)[C@](C)(CCCC(=O)O)NC(=O)[C@H](Cc2ccc(O)cc2)NC1=O,CHEMBL1627245
CC(C)C[C@@H]1NC(=O)[C@H](CCCC(=O)O)NC(=O)CSC[C@@H](C(N)=O)NC(=O)CCCCNC(=O)[C@H](CC(N)=O)NC(=O)[C@](C)(CCCC(=O)O)NC(=O)[C@H](Cc2ccc(O)cc2)NC1=O,CHEMBL455745
CC(C)C[C@@H]1NC(=O)[C@H](CCCC(=O)O)NC(=O)C[S@@+]([O-])C[C@@H](C(N)=O)NC(=O)CCCCNC(=O)[C@H](CC(N)=O)NC(=O)[C@](C)(CCC(=O)O)NC(=O)[C@H](Cc2ccc(O)cc2)NC1=O,CHEMBL1627242
CC(C)C[C@@H]1NC(=O)[C@H](CCCC(=O)O)NC(=O)CSC[C@@H](C(N)=O)NC(=O)CCCCNC(=O)[C@H](CC(N)=O)NC(=O)[C@](C)(CCC(=O)O)NC(=O)[C@H](Cc2ccc(O)cc2)NC1=O,CHEMBL501412
CC(C)C[C@@H]1NC(=O)[C@H](CCCC(=O)O)NC(=O)C[S@@+]([O-])C[C@@H](C(N)=O)NC(=O)CCCCNC(=O)[C@H](CC(N)=O)NC(=O)[C@](C)(CC(=O)O)NC(=O)[C@H](Cc2ccc(O)cc2)NC1=O,CHEMBL1627260
CC(C)C[C@@H]1NC(=O)[C@H](CCCC(=O)O)NC(=O)CSC[C@@H](C(N)=O)NC(=O)CCCCNC(=O)[C@H](CC(N)=O)NC(=O)[C@](C)(CC(=O)O)NC(=O)[C@H](Cc2ccc(O)cc2)NC1=O,CHEMBL501397
CC(=O)N[C@@H](Cc1ccc(OP(=O)(O)O)cc1)C(=O)N[C@@H](CO)c1nc(Cc2ccc(C(F)(F)F)cc2)no1,CHEMBL334979
CSCC[C@@H]1NC(=O)CNC(=O)[C@H](C(C)C)NC(=O)[C@H](CC(N)=O)NC(=O)[C@H](CCC(=O)O)NC(=O)[C@H](Cc2ccc(O)cc2)NC(=O)[C@H](CC(C)C)NC(=O)[C@H](CCC(=O)O)NC(=O)CSC[C@@H](C(N)=O)NC(=O)[C@H](Cc2ccc(O)cc2)NC1=O,CHEMBL444114
Cc1ccc(OC(C)(C)C(=O)N[C@@H](Cc2ccc(OP(=O)(O)O)cc2)C(=O)N[C@@](C)(Cc2ccc(OP(=O)(O)O)cc2)C(=O)N[C@@H](CC(N)=O)C(N)=O)c(/N=N/c2ccccc2)c1,CHEMBL582892
NC(=O)CNc1nc(Nc2ccc(OP(=O)([O-])[O-])cc2)nc(-c2ccccc2Oc2ccc(OP(=O)([O-])[O-])cc2)n1.[Na+].[Na+].[Na+].[Na+],CHEMBL573405
O=C(O)C[C@H](NC(=O)C1(NC(=O)[C@@H](CC(=O)O)Cc2ccc(CP(=O)(O)O)cc2)CCCCC1)C(=O)NCCCc1cccc2ccccc12,CHEMBL1672710
CCCC(=O)N[C@@H](Cc1ccc(OP(=O)(O)O)cc1)C(=O)NCCN1CCNC1=O,CHEMBL1672702
CC(=O)N[C@@H](Cc1ccc(OP(=O)(O)O)cc1)C(=O)NC1(CCN2CCCNC2=O)CCCCC1,CHEMBL1672709
CC(=O)NC(Cc1ccc(OP(=O)(O)O)cc1)C(=O)NCCCN1CCCNC1=O,CHEMBL1672708
CCCC(=O)N[C@@H](Cc1ccc(OP(=O)(O)O)cc1)C(=O)NCCCN1CCCNC1=O,CHEMBL1672701
CC(=O)N[C@@H](Cc1ccc(OP(=O)(O)O)cc1)C(=O)NCCCN1CCCNC1=O,CHEMBL1672697
Cc1ccc2c(ccn2C[C@@H]2C/C=C/[C@H](c3ccc(CP(=O)(O)O)cc3)[C@H](CC(=O)O)C(=O)NC3(CCCCC3)C(=O)N[C@@H](CC(N)=O)C(=O)NC2)c1,CHEMBL349373
Cc1ccc2c(ccn2C[C@@H]2C/C=C/[C@H](c3ccc(CP(=O)(O)O)cc3)[C@H](CC(=O)O)C(=O)NC3(CCCCC3)C(=O)N[C@@H](CC(N)=O)C(=O)NC2)c1,CHEMBL349373
Cc1ccc2c(ccn2C[C@@H]2C/C=C/[C@H](c3ccc(CP(=O)(O)O)cc3)[C@H](CC(=O)O)C(=O)NC3(CCCCC3)C(=O)N[C@@H](CC(N)=O)C(=O)NC2)c1,CHEMBL349373
CC1(C)N=C(N)N=C(N)N1c1cccc(/C=C/C=C/c2cccc([N+](=O)[O-])c2)c1.Cl,CHEMBL2396935
CC1(C)N=C(N)N=C(N)N1c1cccc(CCCCc2cccc(N)c2)c1.Cl,CHEMBL2396934
O=C(Nc1nonc1-c1ccc(Cl)cc1)c1ccc(C(F)(F)F)cc1,CHEMBL3218348
CC[C@H](C)[C@H](NC(=O)[C@H](Cc1ccc(OP(=O)(O)O)cc1)NC(=O)OCc1cccc(N)c1)C(=O)N[C@@H](CC(N)=O)C(N)=O,CHEMBL327037
C[C@](NC(=O)[C@H](Cc1ccc(OP(=O)(O)O)cc1)NC(=O)OCc1cccc(N)c1)(C(=O)N[C@@H](CC(N)=O)C(N)=O)c1ccc(OP(=O)(O)O)cc1,CHEMBL3360189
NC(=O)C[C@H](NC(=O)C1(NC(=O)[C@H](Cc2ccc(OP(=O)(O)O)cc2)NC(=O)OCc2cccc(N)c2)CCCCC1)C(N)=O,CHEMBL77689